Currency,IRR
EUR,0.07887049044048002
GBP,0.0995072247758098
USD,0.12051546680616626
